<?xml version="1.0" encoding="UTF-8"?>
<project-private xmlns="http://www.netbeans.org/ns/project-private/1">
    <editor-bookmarks xmlns="http://www.netbeans.org/ns/editor-bookmarks/2" lastBookmarkId="0"/>
    <open-files xmlns="http://www.netbeans.org/ns/projectui-open-files/2">
        <group>
            <file>file:/C:/Users/Beans/Documents/NetBeansProjects/EE4023Project/src/ee4023project/Game.java</file>
            <file>file:/C:/Users/Beans/Documents/NetBeansProjects/EE4023Project/src/ee4023project/TicTacToeClient.java</file>
            <file>file:/C:/Users/Beans/Documents/NetBeansProjects/EE4023Project/src/ee4023project/GameWindow.java</file>
            <file>file:/C:/Users/Beans/Documents/NetBeansProjects/EE4023Project/src/ee4023project/MyButton.java</file>
            <file>file:/C:/Users/Beans/Documents/NetBeansProjects/EE4023Project/src/ee4023project/gameThread.java</file>
        </group>
    </open-files>
</project-private>
